Name,Address,Email,Phone
John Doe,123 Main St,john.doe@example.com,1234567890
Jane Smith,456 Elm St,jane.smith@example.com,2345678901
Michael Johnson,789 Oak Ave,michael.johnson@example.com,3456789012
Emily Brown,101 Pine St,emily.brown@example.com,4567890123
John Doe,123 Main St,john.doe2@example.com,8521469589
Jane Smith,456 Elm St,jane.smith2@example.com,5678901234
David Wilson,222 Maple Rd,david.wilson@example.com,6789012345
Sarah Davis,333 Birch Ave,sarah.davis@example.com,7890123456
Michael Johnson,789 Oak Ave,michael.johnson2@example.com,9012345678
Emma Miller,444 Cedar Blvd,emma.miller@example.com,123456789
